{"cameraMode":{"drawMode":0,"name":"Shaded","section":"Shading Mode"},"sceneLighting":true,"audioPlay":false,"sceneViewState":{"m_AlwaysRefresh":false,"showFog":true,"showSkybox":true,"showFlares":true,"showImageEffects":true,"showParticleSystems":true,"showVisualEffectGraphs":true,"m_FxEnabled":true},"in2DMode":false,"pivot":{"x":-25.258251190185548,"y":1.5293545722961426,"z":57.51317596435547},"rotation":{"x":0.03854816034436226,"y":0.3969990313053131,"z":-0.016643039882183076,"w":0.9168984889984131},"size":10.067697525024414,"orthographic":false}