{"cameraMode":{"drawMode":0,"name":"Shaded","section":"Shading Mode"},"sceneLighting":true,"audioPlay":false,"sceneViewState":{"m_AlwaysRefresh":false,"showFog":true,"showSkybox":true,"showFlares":true,"showImageEffects":true,"showParticleSystems":true,"showVisualEffectGraphs":true,"m_FxEnabled":true},"in2DMode":false,"pivot":{"x":39.8536262512207,"y":3.2171952724456789,"z":106.68197631835938},"rotation":{"x":0.08922729641199112,"y":-0.3853265941143036,"z":0.03741084039211273,"w":0.9177565574645996},"size":109.04109954833985,"orthographic":false}