{"cameraMode":{"drawMode":0,"name":"Shaded","section":"Shading Mode"},"sceneLighting":true,"audioPlay":false,"sceneViewState":{"m_AlwaysRefresh":false,"showFog":true,"showSkybox":true,"showFlares":true,"showImageEffects":true,"showParticleSystems":true,"showVisualEffectGraphs":true,"m_FxEnabled":true},"in2DMode":false,"pivot":{"x":1.0145334005355836,"y":-6.290956020355225,"z":75.49156951904297},"rotation":{"x":0.24729377031326295,"y":0.01307947188615799,"z":-0.003338976064696908,"w":0.9688893556594849},"size":67.75545501708985,"orthographic":false}