{"cameraMode":{"drawMode":0,"name":"Shaded","section":"Shading Mode"},"sceneLighting":true,"audioPlay":false,"sceneViewState":{"m_AlwaysRefresh":false,"showFog":true,"showSkybox":true,"showFlares":true,"showImageEffects":true,"showParticleSystems":true,"showVisualEffectGraphs":true,"m_FxEnabled":true},"in2DMode":false,"pivot":{"x":17.526092529296876,"y":4.701166152954102,"z":31.193016052246095},"rotation":{"x":-0.052555255591869357,"y":-0.9196758270263672,"z":0.13174696266651154,"w":-0.3665546774864197},"size":21.706558227539064,"orthographic":false}